page_size,version,run,status,sql_statements,latency_ms,records
10,naive,1,200,11,5.618,10
10,naive,2,200,11,8.354,10
10,naive,3,200,11,6.424,10
10,naive,4,200,11,4.812,10
10,naive,5,200,11,4.361,10
10,naive,6,200,11,4.253,10
10,naive,7,200,11,3.919,10
10,naive,8,200,11,3.769,10
10,naive,9,200,11,3.585,10
10,naive,10,200,11,3.769,10
10,naive,11,200,11,3.857,10
10,naive,12,200,11,3.904,10
10,naive,13,200,11,3.826,10
10,naive,14,200,11,3.756,10
10,naive,15,200,11,3.838,10
10,naive,16,200,11,3.664,10
10,naive,17,200,11,3.594,10
10,naive,18,200,11,3.732,10
10,naive,19,200,11,3.713,10
10,naive,20,200,11,3.871,10
10,naive,21,200,11,3.65,10
10,naive,22,200,11,3.597,10
10,naive,23,200,11,3.202,10
10,naive,24,200,11,3.354,10
10,naive,25,200,11,3.28,10
10,naive,26,200,11,3.302,10
10,naive,27,200,11,3.21,10
10,naive,28,200,11,3.408,10
10,naive,29,200,11,3.458,10
10,naive,30,200,11,3.363,10
10,fixed,1,200,1,1.445,10
10,fixed,2,200,1,1.4,10
10,fixed,3,200,1,1.316,10
10,fixed,4,200,1,1.35,10
10,fixed,5,200,1,1.337,10
10,fixed,6,200,1,1.364,10
10,fixed,7,200,1,1.284,10
10,fixed,8,200,1,1.284,10
10,fixed,9,200,1,1.268,10
10,fixed,10,200,1,1.268,10
10,fixed,11,200,1,1.301,10
10,fixed,12,200,1,1.284,10
10,fixed,13,200,1,1.319,10
10,fixed,14,200,1,1.343,10
10,fixed,15,200,1,1.291,10
10,fixed,16,200,1,1.281,10
10,fixed,17,200,1,1.306,10
10,fixed,18,200,1,1.29,10
10,fixed,19,200,1,1.255,10
10,fixed,20,200,1,1.3,10
10,fixed,21,200,1,1.258,10
10,fixed,22,200,1,1.313,10
10,fixed,23,200,1,1.356,10
10,fixed,24,200,1,1.364,10
10,fixed,25,200,1,1.283,10
10,fixed,26,200,1,1.374,10
10,fixed,27,200,1,1.453,10
10,fixed,28,200,1,1.333,10
10,fixed,29,200,1,1.311,10
10,fixed,30,200,1,1.367,10
50,naive,1,200,51,11.821,50
50,naive,2,200,51,11.842,50
50,naive,3,200,51,11.401,50
50,naive,4,200,51,11.902,50
50,naive,5,200,51,11.507,50
50,naive,6,200,51,12.495,50
50,naive,7,200,51,12.032,50
50,naive,8,200,51,14.27,50
50,naive,9,200,51,11.779,50
50,naive,10,200,51,11.834,50
50,naive,11,200,51,11.842,50
50,naive,12,200,51,10.576,50
50,naive,13,200,51,11.302,50
50,naive,14,200,51,11.952,50
50,naive,15,200,51,11.624,50
50,naive,16,200,51,11.811,50
50,naive,17,200,51,11.376,50
50,naive,18,200,51,12.08,50
50,naive,19,200,51,11.399,50
50,naive,20,200,51,11.792,50
50,naive,21,200,51,11.239,50
50,naive,22,200,51,11.948,50
50,naive,23,200,51,11.271,50
50,naive,24,200,51,11.642,50
50,naive,25,200,51,11.576,50
50,naive,26,200,51,11.605,50
50,naive,27,200,51,11.19,50
50,naive,28,200,51,12.08,50
50,naive,29,200,51,11.718,50
50,naive,30,200,51,11.852,50
50,fixed,1,200,1,1.994,50
50,fixed,2,200,1,1.849,50
50,fixed,3,200,1,1.868,50
50,fixed,4,200,1,1.825,50
50,fixed,5,200,1,1.77,50
50,fixed,6,200,1,1.812,50
50,fixed,7,200,1,1.854,50
50,fixed,8,200,1,1.801,50
50,fixed,9,200,1,1.868,50
50,fixed,10,200,1,2.063,50
50,fixed,11,200,1,1.834,50
50,fixed,12,200,1,1.839,50
50,fixed,13,200,1,1.849,50
50,fixed,14,200,1,1.765,50
50,fixed,15,200,1,1.741,50
50,fixed,16,200,1,1.75,50
50,fixed,17,200,1,1.734,50
50,fixed,18,200,1,1.799,50
50,fixed,19,200,1,1.95,50
50,fixed,20,200,1,1.791,50
50,fixed,21,200,1,1.792,50
50,fixed,22,200,1,1.875,50
50,fixed,23,200,1,1.786,50
50,fixed,24,200,1,1.831,50
50,fixed,25,200,1,1.843,50
50,fixed,26,200,1,1.83,50
50,fixed,27,200,1,1.9,50
50,fixed,28,200,1,1.994,50
50,fixed,29,200,1,1.788,50
50,fixed,30,200,1,1.905,50
200,naive,1,200,201,42.736,200
200,naive,2,200,201,44.597,200
200,naive,3,200,201,41.915,200
200,naive,4,200,201,43.613,200
200,naive,5,200,201,41.968,200
200,naive,6,200,201,43.469,200
200,naive,7,200,201,41.921,200
200,naive,8,200,201,43.447,200
200,naive,9,200,201,41.766,200
200,naive,10,200,201,43.491,200
200,naive,11,200,201,45.356,200
200,naive,12,200,201,47.71,200
200,naive,13,200,201,42.354,200
200,naive,14,200,201,43.684,200
200,naive,15,200,201,41.945,200
200,naive,16,200,201,43.524,200
200,naive,17,200,201,41.717,200
200,naive,18,200,201,43.323,200
200,naive,19,200,201,41.528,200
200,naive,20,200,201,42.943,200
200,naive,21,200,201,41.929,200
200,naive,22,200,201,43.345,200
200,naive,23,200,201,41.685,200
200,naive,24,200,201,42.994,200
200,naive,25,200,201,41.682,200
200,naive,26,200,201,43.471,200
200,naive,27,200,201,42.223,200
200,naive,28,200,201,43.331,200
200,naive,29,200,201,42.152,200
200,naive,30,200,201,43.341,200
200,fixed,1,200,1,3.84,200
200,fixed,2,200,1,3.688,200
200,fixed,3,200,1,3.451,200
200,fixed,4,200,1,3.505,200
200,fixed,5,200,1,3.455,200
200,fixed,6,200,1,14.05,200
200,fixed,7,200,1,3.971,200
200,fixed,8,200,1,4.159,200
200,fixed,9,200,1,3.777,200
200,fixed,10,200,1,3.465,200
200,fixed,11,200,1,3.319,200
200,fixed,12,200,1,3.571,200
200,fixed,13,200,1,3.36,200
200,fixed,14,200,1,3.506,200
200,fixed,15,200,1,3.342,200
200,fixed,16,200,1,3.359,200
200,fixed,17,200,1,3.488,200
200,fixed,18,200,1,3.507,200
200,fixed,19,200,1,3.762,200
200,fixed,20,200,1,3.548,200
200,fixed,21,200,1,3.477,200
200,fixed,22,200,1,3.743,200
200,fixed,23,200,1,3.419,200
200,fixed,24,200,1,12.956,200
200,fixed,25,200,1,3.766,200
200,fixed,26,200,1,3.655,200
200,fixed,27,200,1,3.695,200
200,fixed,28,200,1,3.641,200
200,fixed,29,200,1,3.426,200
200,fixed,30,200,1,3.397,200
